[
  {
    "id": 1,
    "raw": "static/images/cartoon/raw/0.png",
    "thumb": "static/images/cartoon/thumb/0.png",
    "alt": "小度漫画第一季"
  },
  {
    "id": 2,
    "raw": "static/images/cartoon/raw/1.jpg",
    "thumb": "static/images/cartoon/thumb/1.jpg",
    "alt": "小度漫画第一季"
  },
  {
    "id": 3,
    "raw": "static/images/cartoon/raw/2.jpg",
    "thumb": "static/images/cartoon/thumb/2.jpg",
    "alt": "小度漫画第一季"
  },
  {
    "id": 4,
    "raw": "static/images/cartoon/raw/3.jpg",
    "thumb": "static/images/cartoon/thumb/3.jpg",
    "alt": "小度漫画第一季"
  },
  {
    "id": 5,
    "raw": "static/images/cartoon/raw/4.jpg",
    "thumb": "static/images/cartoon/thumb/4.jpg",
    "alt": "小度漫画第一季"
  },
  {
    "id": 6,
    "raw": "static/images/cartoon/raw/5.jpg",
    "thumb": "static/images/cartoon/thumb/5.jpg",
    "alt": "小度漫画第一季"
  },
  {
    "id": 7,
    "raw": "static/images/cartoon/more/1.jpg",
    "thumb": "static/images/cartoon/more/1.jpg",
    "alt": "小度漫画第一季"
  },
  {
    "id": 8,
    "raw": "static/images/cartoon/more/2.jpg",
    "thumb": "static/images/cartoon/more/2.jpg",
    "alt": "小度漫画第一季"
  },
  {
    "id": 9,
    "raw": "static/images/cartoon/more/3.jpg",
    "thumb": "static/images/cartoon/more/3.jpg",
    "alt": "小度漫画第一季"
  },
  {
    "id": 10,
    "raw": "static/images/cartoon/more/4.jpg",
    "thumb": "static/images/cartoon/more/4.jpg",
    "alt": "小度漫画第一季"
  },
  {
    "id": 11,
    "raw": "static/images/cartoon/more/5.jpg",
    "thumb": "static/images/cartoon/more/5.jpg",
    "alt": "小度漫画第一季"
  },
  {
    "id": 12,
    "raw": "static/images/cartoon/more/6.jpg",
    "thumb": "static/images/cartoon/more/6.jpg",
    "alt": "小度漫画第一季"
  }
]