[
  {
    "id": 1,
    "raw": "static/images/cartoon/raw/0.jpg",
    "thumb": "static/images/cartoon/thumb/0.png",
    "alt": "小度漫画第一季"
  },
  {
    "id": 2,
    "raw": "static/images/cartoon/raw/1.jpg",
    "thumb": "static/images/cartoon/thumb/1.jpg",
    "alt": "小度漫画第一季"
  },
  {
    "id": 3,
    "raw": "static/images/cartoon/raw/2.jpg",
    "thumb": "static/images/cartoon/thumb/2.jpg",
    "alt": "小度漫画第一季"
  },
  {
    "id": 4,
    "raw": "static/images/cartoon/raw/3.jpg",
    "thumb": "static/images/cartoon/thumb/3.jpg",
    "alt": "小度漫画第一季"
  },
  {
    "id": 5,
    "raw": "static/images/cartoon/raw/4.jpg",
    "thumb": "static/images/cartoon/thumb/4.jpg",
    "alt": "小度漫画第一季"
  },
  {
    "id": 6,
    "raw": "static/images/cartoon/raw/5.jpg",
    "thumb": "static/images/cartoon/thumb/5.jpg",
    "alt": "小度漫画第一季"
  },
  {
    "id": 7,
    "raw": "static/images/cartoon/more/1.jpg",
    "thumb": "static/images/cartoon/more/1.jpg",
    "alt": "小度漫画第一季"
  },
  {
    "id": 8,
    "raw": "static/images/cartoon/more/2.jpg",
    "thumb": "static/images/cartoon/more/2.jpg",
    "alt": "小度漫画第一季"
  },
  {
    "id": 9,
    "raw": "static/images/cartoon/more/3.jpg",
    "thumb": "static/images/cartoon/more/3.jpg",
    "alt": "小度漫画第一季"
  },
  {
    "id": 10,
    "raw": "static/images/cartoon/more/4.jpg",
    "thumb": "static/images/cartoon/more/4.jpg",
    "alt": "小度漫画第一季"
  },
  {
    "id": 11,
    "raw": "static/images/cartoon/more/6.jpg",
    "thumb": "static/images/cartoon/more/6.jpg",
    "alt": "小度的考试范围"
  },
  {
    "id": 12,
    "raw": "static/images/cartoon/more/7.jpg",
    "thumb": "static/images/cartoon/more/7.jpg",
    "alt": "小度的考试范围"
  },
  {
    "id": 13,
    "raw": "static/images/cartoon/more/8.jpg",
    "thumb": "static/images/cartoon/more/8.jpg",
    "alt": "小度对手猜猜看"
  },
  {
    "id": 14,
    "raw": "static/images/cartoon/more/9.jpg",
    "thumb": "static/images/cartoon/more/9.jpg",
    "alt": "小度对手猜猜看"
  },
  {
    "id": 15,
    "raw": "static/images/cartoon/more/10.jpg",
    "thumb": "static/images/cartoon/more/10.jpg",
    "alt": "小度对手猜猜看"
  },
  {
    "id": 16,
    "raw": "static/images/cartoon/more/11.jpg",
    "thumb": "static/images/cartoon/more/11.jpg",
    "alt": "挑战者三号小度"
  },
  {
    "id": 17,
    "raw": "static/images/cartoon/more/12.jpg",
    "thumb": "static/images/cartoon/more/12.jpg",
    "alt": "挑战者三号小度"
  },
  {
    "id": 18,
    "raw": "static/images/cartoon/more/13.jpg",
    "thumb": "static/images/cartoon/more/13.jpg",
    "alt": "挑战者三号小度"
  },
  {
    "id": 19,
    "raw": "static/images/cartoon/more/14.jpg",
    "thumb": "static/images/cartoon/more/14.jpg",
    "alt": "挑战者三号小度"
  },
  {
    "id": 20,
    "raw": "static/images/cartoon/more/15.jpg",
    "thumb": "static/images/cartoon/more/15.jpg",
    "alt": "你们谁先上"
  },
  {
    "id": 21,
    "raw": "static/images/cartoon/more/16.jpg",
    "thumb": "static/images/cartoon/more/16.jpg",
    "alt": "小度人脸识别原理"
  },
  {
    "id": 22,
    "raw": "static/images/cartoon/more/17.jpg",
    "thumb": "static/images/cartoon/more/17.jpg",
    "alt": "小度的日常第二期"
  }
]