[
  {
    "raw": "static/images/moment/raw/s4_r1_01.jpg",
    "thumb": "static/images/moment/thumb/s4_r1_01.jpg",
    "alt": "第三期 剧照"
  },
  {
    "raw": "static/images/moment/raw/s3_r2_01.jpg",
    "thumb": "static/images/moment/thumb/s3_r2_01.jpg",
    "alt": "第二期 剧照"
  },
  {
    "raw": "static/images/moment/raw/s4_r2_02.jpg",
    "thumb": "static/images/moment/thumb/s4_r2_02.jpg",
    "alt": "第三期 剧照"
  },
  {
    "raw": "static/images/moment/raw/s3_r3_01.jpg",
    "thumb": "static/images/moment/thumb/s3_r3_01.jpg",
    "alt": "第二期 剧照"
  },
  {
    "raw": "static/images/moment/raw/s3_r3_02.jpg",
    "thumb": "static/images/moment/thumb/s3_r3_02.jpg",
    "alt": "第二期 剧照"
  },
  {
    "raw": "static/images/moment/more/s4_1.jpg",
    "thumb": "static/images/moment/more/thumb/s4_1.jpg",
    "alt": "第三期 剧照"
  },
  {
    "raw": "static/images/moment/more/s4_2.jpg",
    "thumb": "static/images/moment/more/thumb/s4_2.jpg",
    "alt": "第三期 剧照"
  },
  {
    "raw": "static/images/moment/more/s4_3.jpg",
    "thumb": "static/images/moment/more/thumb/s4_3.jpg",
    "alt": "第三期 剧照"
  },
  {
    "raw": "static/images/moment/more/s4_4.jpg",
    "thumb": "static/images/moment/more/thumb/s4_4.jpg",
    "alt": "第三期 剧照"
  },
  {
    "raw": "static/images/moment/more/s4_5.jpg",
    "thumb": "static/images/moment/more/thumb/s4_5.jpg",
    "alt": "第三期 剧照"
  },
  {
    "raw": "static/images/moment/more/s4_6.jpg",
    "thumb": "static/images/moment/more/thumb/s4_6.jpg",
    "alt": "第三期 剧照"
  },
  {
    "raw": "static/images/moment/more/s4_7.jpg",
    "thumb": "static/images/moment/more/thumb/s4_7.jpg",
    "alt": "第三期 剧照"
  },
  {
    "raw": "static/images/moment/more/s4_8.jpg",
    "thumb": "static/images/moment/more/thumb/s4_8.jpg",
    "alt": "第三期 剧照"
  },
  {
    "raw": "static/images/moment/more/s4_9.jpg",
    "thumb": "static/images/moment/more/thumb/s4_9.jpg",
    "alt": "第三期 剧照"
  },
  {
    "raw": "static/images/moment/more/s4_10.jpg",
    "thumb": "static/images/moment/more/thumb/s4_10.jpg",
    "alt": "第三期 剧照"
  },
  {
    "raw": "static/images/moment/more/s4_11.jpg",
    "thumb": "static/images/moment/more/thumb/s4_11.jpg",
    "alt": "第三期 剧照"
  },
  {
    "raw": "static/images/moment/more/s4_12.jpg",
    "thumb": "static/images/moment/more/thumb/s4_12.jpg",
    "alt": "第三期 剧照"
  },
  {
    "raw": "static/images/moment/more/s4_13.jpg",
    "thumb": "static/images/moment/more/thumb/s4_13.jpg",
    "alt": "第三期 剧照"
  },
  {
    "raw": "static/images/moment/more/s4_14.jpg",
    "thumb": "static/images/moment/more/thumb/s4_14.jpg",
    "alt": "第三期 剧照"
  },
  {
    "raw": "static/images/moment/more/s4_15.jpg",
    "thumb": "static/images/moment/more/thumb/s4_15.jpg",
    "alt": "第三期 剧照"
  },
  {
    "raw": "static/images/moment/more/s4_16.jpg",
    "thumb": "static/images/moment/more/thumb/s4_16.jpg",
    "alt": "第三期 剧照"
  },
  {
    "raw": "static/images/moment/more/s4_17.jpg",
    "thumb": "static/images/moment/more/thumb/s4_17.jpg",
    "alt": "第三期 剧照"
  },
  {
    "raw": "static/images/moment/more/s4_18.jpg",
    "thumb": "static/images/moment/more/thumb/s4_18.jpg",
    "alt": "第三期 剧照"
  },
  {
    "raw": "static/images/moment/more/s4_19.jpg",
    "thumb": "static/images/moment/more/thumb/s4_19.jpg",
    "alt": "第三期 剧照"
  },
  {
    "raw": "static/images/moment/more/s4_20.jpg",
    "thumb": "static/images/moment/more/thumb/s4_20.jpg",
    "alt": "第三期 剧照"
  },
  {
    "raw": "static/images/moment/more/s4_21.jpg",
    "thumb": "static/images/moment/more/thumb/s4_21.jpg",
    "alt": "第三期 剧照"
  },
  {
    "raw": "static/images/moment/more/s4_22.jpg",
    "thumb": "static/images/moment/more/thumb/s4_22.jpg",
    "alt": "第三期 剧照"
  },
  {
    "raw": "static/images/moment/more/s3_1.jpg",
    "thumb": "static/images/moment/more/thumb/s3_1.jpg",
    "alt": "第二期 剧照"
  },
  {
    "raw": "static/images/moment/more/s3_2.jpg",
    "thumb": "static/images/moment/more/thumb/s3_2.jpg",
    "alt": "第二期 剧照"
  },
  {
    "raw": "static/images/moment/more/s3_3.jpg",
    "thumb": "static/images/moment/more/thumb/s3_3.jpg",
    "alt": "第二期 剧照"
  },
  {
    "raw": "static/images/moment/more/s3_4.jpg",
    "thumb": "static/images/moment/more/thumb/s3_4.jpg",
    "alt": "第二期 剧照"
  },
  {
    "raw": "static/images/moment/more/s3_5.jpg",
    "thumb": "static/images/moment/more/thumb/s3_5.jpg",
    "alt": "第二期 剧照"
  },
  {
    "raw": "static/images/moment/more/s3_6.jpg",
    "thumb": "static/images/moment/more/thumb/s3_6.jpg",
    "alt": "第二期 剧照"
  },
  {
    "raw": "static/images/moment/more/s3_7.jpg",
    "thumb": "static/images/moment/more/thumb/s3_7.jpg",
    "alt": "第二期 剧照"
  },
  {
    "raw": "static/images/moment/more/s3_8.jpg",
    "thumb": "static/images/moment/more/thumb/s3_8.jpg",
    "alt": "第二期 剧照"
  },
  {
    "raw": "static/images/moment/more/s3_9.jpg",
    "thumb": "static/images/moment/more/thumb/s3_9.jpg",
    "alt": "第二期 剧照"
  },
  {
    "raw": "static/images/moment/more/s3_10.jpg",
    "thumb": "static/images/moment/more/thumb/s3_10.jpg",
    "alt": "第二期 剧照"
  },
  {
    "raw": "static/images/moment/more/s3_11.jpg",
    "thumb": "static/images/moment/more/thumb/s3_11.jpg",
    "alt": "第二期 剧照"
  },
  {
    "raw": "static/images/moment/more/s3_12.jpg",
    "thumb": "static/images/moment/more/thumb/s3_12.jpg",
    "alt": "第二期 剧照"
  },
  {
    "raw": "static/images/moment/more/s3_13.jpg",
    "thumb": "static/images/moment/more/thumb/s3_13.jpg",
    "alt": "第二期 剧照"
  },
  {
    "raw": "static/images/moment/more/s3_14.jpg",
    "thumb": "static/images/moment/more/thumb/s3_14.jpg",
    "alt": "第二期 剧照"
  },
  {
    "raw": "static/images/moment/more/s3_15.jpg",
    "thumb": "static/images/moment/more/thumb/s3_15.jpg",
    "alt": "第二期 剧照"
  },
  {
    "raw": "static/images/moment/more/s3_16.jpg",
    "thumb": "static/images/moment/more/thumb/s3_16.jpg",
    "alt": "第二期 剧照"
  },
  {
    "raw": "static/images/moment/more/s3_17.jpg",
    "thumb": "static/images/moment/more/thumb/s3_17.jpg",
    "alt": "第二期 剧照"
  },
  {
    "raw": "static/images/moment/more/s3_18.jpg",
    "thumb": "static/images/moment/more/thumb/s3_18.jpg",
    "alt": "第二期 剧照"
  },
  {
    "raw": "static/images/moment/more/s3_19.jpg",
    "thumb": "static/images/moment/more/thumb/s3_19.jpg",
    "alt": "第二期 剧照"
  },
  {
    "raw": "static/images/moment/more/s2_2.jpg",
    "thumb": "static/images/moment/more/thumb/s2_2.jpg",
    "alt": "第一期 剧照"
  },
  {
    "raw": "static/images/moment/more/s2_3.jpg",
    "thumb": "static/images/moment/more/thumb/s2_3.jpg",
    "alt": "第一期 剧照"
  },
  {
    "raw": "static/images/moment/more/s2_4.jpg",
    "thumb": "static/images/moment/more/thumb/s2_4.jpg",
    "alt": "第一期 剧照"
  },
  {
    "raw": "static/images/moment/more/s2_5.jpg",
    "thumb": "static/images/moment/more/thumb/s2_5.jpg",
    "alt": "第一期 剧照"
  },
  {
    "raw": "static/images/moment/more/1.jpg",
    "thumb": "static/images/moment/more/thumb/1.jpg",
    "alt": "第一期 剧照"
  },
  {
    "raw": "static/images/moment/more/2.jpg",
    "thumb": "static/images/moment/more/thumb/2.jpg",
    "alt": "第一期 剧照"
  },
  {
    "raw": "static/images/moment/more/3.jpg",
    "thumb": "static/images/moment/more/thumb/3.jpg",
    "alt": "第一期 剧照"
  },
  {
    "raw": "static/images/moment/more/4.jpg",
    "thumb": "static/images/moment/more/thumb/4.jpg",
    "alt": "第一期 剧照"
  },
  {
    "raw": "static/images/moment/more/5.jpg",
    "thumb": "static/images/moment/more/thumb/5.jpg",
    "alt": "第一期 剧照"
  },
  {
    "raw": "static/images/moment/more/6.jpg",
    "thumb": "static/images/moment/more/thumb/6.jpg",
    "alt": "第一期 剧照"
  },
  {
    "raw": "static/images/moment/more/7.jpg",
    "thumb": "static/images/moment/more/thumb/7.jpg",
    "alt": "第一期 剧照"
  },
  {
    "raw": "static/images/moment/more/8.jpg",
    "thumb": "static/images/moment/more/thumb/8.jpg",
    "alt": "第一期 剧照"
  },
  {
    "raw": "static/images/moment/more/10.jpg",
    "thumb": "static/images/moment/more/thumb/10.jpg",
    "alt": "第一期 剧照"
  },
  {
    "raw": "static/images/moment/more/11.jpg",
    "thumb": "static/images/moment/more/thumb/11.jpg",
    "alt": "第一期 剧照"
  },
  {
    "raw": "static/images/moment/more/12.jpg",
    "thumb": "static/images/moment/more/thumb/12.jpg",
    "alt": "第一期 剧照"
  },
  {
    "raw": "static/images/moment/more/13.jpg",
    "thumb": "static/images/moment/more/thumb/13.jpg",
    "alt": "发布会现场照片"
  },
  {
    "raw": "static/images/moment/more/14.jpg",
    "thumb": "static/images/moment/more/thumb/14.jpg",
    "alt": "发布会现场照片"
  },
  {
    "raw": "static/images/moment/more/15.jpg",
    "thumb": "static/images/moment/more/thumb/15.jpg",
    "alt": "发布会现场照片"
  },
  {
    "raw": "static/images/moment/more/16.jpg",
    "thumb": "static/images/moment/more/thumb/16.jpg",
    "alt": "发布会现场照片"
  },
  {
    "raw": "static/images/moment/more/17.jpg",
    "thumb": "static/images/moment/more/thumb/17.jpg",
    "alt": "发布会现场照片"
  },
  {
    "raw": "static/images/moment/more/18.jpg",
    "thumb": "static/images/moment/more/thumb/18.jpg",
    "alt": "发布会现场照片"
  },
  {
    "raw": "static/images/moment/more/19.jpg",
    "thumb": "static/images/moment/more/thumb/19.jpg",
    "alt": "发布会现场照片"
  },
  {
    "raw": "static/images/moment/more/20.jpg",
    "thumb": "static/images/moment/more/thumb/20.jpg",
    "alt": "发布会现场照片"
  },
  {
    "raw": "static/images/moment/more/21.jpg",
    "thumb": "static/images/moment/more/thumb/21.jpg",
    "alt": "发布会现场照片"
  }
]