[
  {
    "wide": 0,
    "raw": "static/images/moment/raw/s1_r1_01.jpg",
    "thumb": "static/images/moment/thumb/s1_r1_01.jpg",
    "alt": "发布会现场照片"
  },
  {
    "wide": 0,
    "raw": "static/images/moment/raw/s1_r2_01.jpg",
    "thumb": "static/images/moment/thumb/s1_r2_01.jpg",
    "alt": "发布会现场照片"
  },
  {
    "wide": 0,
    "raw": "static/images/moment/raw/s1_r2_02.jpg",
    "thumb": "static/images/moment/thumb/s1_r2_02.jpg",
    "alt": "发布会现场照片"
  },
  {
    "wide": 1,
    "raw": "static/images/moment/raw/s1_r3_01.png",
    "thumb": "static/images/moment/thumb/s1_r3_01.jpg",
    "alt": "发布会现场照片"
  },
  {
    "wide": 0,
    "raw": "static/images/moment/raw/s1_r3_02.jpg",
    "thumb": "static/images/moment/thumb/s1_r3_02.jpg",
    "alt": "发布会现场照片"
  },
  {
    "wide": 0,
    "raw": "static/images/moment/more/1.png",
    "thumb": "static/images/moment/more/1.png",
    "alt": "发布会现场照片"
  },
  {
    "wide": 0,
    "raw": "static/images/moment/more/2.png",
    "thumb": "static/images/moment/more/2.png",
    "alt": "发布会现场照片"
  },
  {
    "wide": 0,
    "raw": "static/images/moment/more/3.jpg",
    "thumb": "static/images/moment/more/3.jpg",
    "alt": "发布会现场照片"
  }
]