[
  {
    "raw": "static/images/moment/raw/s3_r1_01.jpg",
    "thumb": "static/images/moment/thumb/s3_r1_01.jpg",
    "alt": "第二期 剧照"
  },
  {
    "raw": "static/images/moment/raw/s3_r2_01.jpg",
    "thumb": "static/images/moment/thumb/s3_r2_01.jpg",
    "alt": "第二期 剧照"
  },
  {
    "raw": "static/images/moment/raw/s3_r2_02.jpg",
    "thumb": "static/images/moment/thumb/s3_r2_02.jpg",
    "alt": "第二期 剧照"
  },
  {
    "raw": "static/images/moment/raw/s3_r3_01.jpg",
    "thumb": "static/images/moment/thumb/s3_r3_01.jpg",
    "alt": "第二期 剧照"
  },
  {
    "raw": "static/images/moment/raw/s3_r3_02.jpg",
    "thumb": "static/images/moment/thumb/s3_r3_02.jpg",
    "alt": "第二期 剧照"
  },
  {
    "raw": "static/images/moment/more/s3_1.jpg",
    "thumb": "static/images/moment/more/s3_1.jpg",
    "alt": "第二期 剧照"
  },
  {
    "raw": "static/images/moment/more/s3_2.jpg",
    "thumb": "static/images/moment/more/s3_2.jpg",
    "alt": "第二期 剧照"
  },
  {
    "raw": "static/images/moment/more/s3_3.jpg",
    "thumb": "static/images/moment/more/s3_3.jpg",
    "alt": "第二期 剧照"
  },
  {
    "raw": "static/images/moment/more/s3_4.jpg",
    "thumb": "static/images/moment/more/s3_4.jpg",
    "alt": "第二期 剧照"
  },
  {
    "raw": "static/images/moment/more/s3_5.jpg",
    "thumb": "static/images/moment/more/s3_5.jpg",
    "alt": "第二期 剧照"
  },
  {
    "raw": "static/images/moment/more/s3_6.jpg",
    "thumb": "static/images/moment/more/s3_6.jpg",
    "alt": "第二期 剧照"
  },
  {
    "raw": "static/images/moment/more/s3_7.jpg",
    "thumb": "static/images/moment/more/s3_7.jpg",
    "alt": "第二期 剧照"
  },
  {
    "raw": "static/images/moment/more/s3_8.jpg",
    "thumb": "static/images/moment/more/s3_8.jpg",
    "alt": "第二期 剧照"
  },
  {
    "raw": "static/images/moment/more/s3_9.jpg",
    "thumb": "static/images/moment/more/s3_9.jpg",
    "alt": "第二期 剧照"
  },
  {
    "raw": "static/images/moment/more/s3_10.jpg",
    "thumb": "static/images/moment/more/s3_10.jpg",
    "alt": "第二期 剧照"
  },
  {
    "raw": "static/images/moment/more/s3_11.jpg",
    "thumb": "static/images/moment/more/s3_11.jpg",
    "alt": "第二期 剧照"
  },
  {
    "raw": "static/images/moment/more/s3_12.jpg",
    "thumb": "static/images/moment/more/s3_12.jpg",
    "alt": "第二期 剧照"
  },
  {
    "raw": "static/images/moment/more/s3_13.jpg",
    "thumb": "static/images/moment/more/s3_13.jpg",
    "alt": "第二期 剧照"
  },
  {
    "raw": "static/images/moment/more/s3_14.jpg",
    "thumb": "static/images/moment/more/s3_14.jpg",
    "alt": "第二期 剧照"
  },
  {
    "raw": "static/images/moment/more/s3_15.jpg",
    "thumb": "static/images/moment/more/s3_15.jpg",
    "alt": "第二期 剧照"
  },
  {
    "raw": "static/images/moment/more/s3_16.jpg",
    "thumb": "static/images/moment/more/s3_16.jpg",
    "alt": "第二期 剧照"
  },
  {
    "raw": "static/images/moment/more/s3_17.jpg",
    "thumb": "static/images/moment/more/s3_17.jpg",
    "alt": "第二期 剧照"
  },
  {
    "raw": "static/images/moment/more/s3_18.jpg",
    "thumb": "static/images/moment/more/s3_18.jpg",
    "alt": "第二期 剧照"
  },
  {
    "raw": "static/images/moment/more/s3_19.jpg",
    "thumb": "static/images/moment/more/s3_19.jpg",
    "alt": "第二期 剧照"
  },
  {
    "raw": "static/images/moment/more/s2_2.jpg",
    "thumb": "static/images/moment/more/s2_2.jpg",
    "alt": "第一期 剧照"
  },
  {
    "raw": "static/images/moment/more/s2_3.jpg",
    "thumb": "static/images/moment/more/s2_3.jpg",
    "alt": "第一期 剧照"
  },
  {
    "raw": "static/images/moment/more/s2_4.jpg",
    "thumb": "static/images/moment/more/s2_4.jpg",
    "alt": "第一期 剧照"
  },
  {
    "raw": "static/images/moment/more/s2_5.jpg",
    "thumb": "static/images/moment/more/s2_5.jpg",
    "alt": "第一期 剧照"
  },
  {
    "raw": "static/images/moment/more/1.jpg",
    "thumb": "static/images/moment/more/1.jpg",
    "alt": "第一期 剧照"
  },
  {
    "raw": "static/images/moment/more/2.jpg",
    "thumb": "static/images/moment/more/2.jpg",
    "alt": "第一期 剧照"
  },
  {
    "raw": "static/images/moment/more/3.jpg",
    "thumb": "static/images/moment/more/3.jpg",
    "alt": "第一期 剧照"
  },
  {
    "raw": "static/images/moment/more/4.jpg",
    "thumb": "static/images/moment/more/4.jpg",
    "alt": "第一期 剧照"
  },
  {
    "raw": "static/images/moment/more/5.jpg",
    "thumb": "static/images/moment/more/5.jpg",
    "alt": "第一期 剧照"
  },
  {
    "raw": "static/images/moment/more/6.jpg",
    "thumb": "static/images/moment/more/6.jpg",
    "alt": "第一期 剧照"
  },
  {
    "raw": "static/images/moment/more/7.jpg",
    "thumb": "static/images/moment/more/7.jpg",
    "alt": "第一期 剧照"
  },
  {
    "raw": "static/images/moment/more/8.jpg",
    "thumb": "static/images/moment/more/8.jpg",
    "alt": "第一期 剧照"
  },
  {
    "raw": "static/images/moment/more/10.jpg",
    "thumb": "static/images/moment/more/10.jpg",
    "alt": "第一期 剧照"
  },
  {
    "raw": "static/images/moment/more/11.jpg",
    "thumb": "static/images/moment/more/11.jpg",
    "alt": "第一期 剧照"
  },
  {
    "raw": "static/images/moment/more/12.jpg",
    "thumb": "static/images/moment/more/12.jpg",
    "alt": "第一期 剧照"
  },
  {
    "raw": "static/images/moment/more/13.jpg",
    "thumb": "static/images/moment/more/13.jpg",
    "alt": "发布会现场照片"
  },
  {
    "raw": "static/images/moment/more/14.jpg",
    "thumb": "static/images/moment/more/14.jpg",
    "alt": "发布会现场照片"
  },
  {
    "raw": "static/images/moment/more/15.jpg",
    "thumb": "static/images/moment/more/15.jpg",
    "alt": "发布会现场照片"
  },
  {
    "raw": "static/images/moment/more/16.jpg",
    "thumb": "static/images/moment/more/16.jpg",
    "alt": "发布会现场照片"
  },
  {
    "raw": "static/images/moment/more/17.jpg",
    "thumb": "static/images/moment/more/17.jpg",
    "alt": "发布会现场照片"
  },
  {
    "raw": "static/images/moment/more/18.jpg",
    "thumb": "static/images/moment/more/18.jpg",
    "alt": "发布会现场照片"
  },
  {
    "raw": "static/images/moment/more/19.jpg",
    "thumb": "static/images/moment/more/19.jpg",
    "alt": "发布会现场照片"
  },
  {
    "raw": "static/images/moment/more/20.jpg",
    "thumb": "static/images/moment/more/20.jpg",
    "alt": "发布会现场照片"
  },
  {
    "raw": "static/images/moment/more/21.jpg",
    "thumb": "static/images/moment/more/21.jpg",
    "alt": "发布会现场照片"
  }
]