[
  {
    "id": 1,
    "wide": 0,
    "raw": "static/images/moment/raw/r1_01.jpg",
    "thumb": "static/images/moment/thumb/r1_01.jpg"
  },
  {
    "id": 2,
    "wide": 0,
    "raw": "static/images/moment/raw/r2_01.jpg",
    "thumb": "static/images/moment/thumb/r2_01.jpg"
  },
  {
    "id": 3,
    "wide": 0,
    "raw": "static/images/moment/raw/r2_02.jpg",
    "thumb": "static/images/moment/thumb/r2_02.jpg"
  },
  {
    "id": 4,
    "wide": 1,
    "raw": "static/images/moment/raw/r3_01.png",
    "thumb": "static/images/moment/thumb/r3_01.jpg"
  },
  {
    "id": 5,
    "wide": 0,
    "raw": "static/images/moment/raw/r3_02.jpg",
    "thumb": "static/images/moment/thumb/r3_02.jpg"
  },
  {
    "id": 6,
    "wide": 0,
    "raw": "static/images/moment/more/1.png",
    "thumb": "static/images/moment/more/1.png"
  },
  {
    "id": 7,
    "wide": 0,
    "raw": "static/images/moment/more/2.png",
    "thumb": "static/images/moment/more/2.png"
  },
  {
    "id": 8,
    "wide": 0,
    "raw": "static/images/moment/more/3.jpg",
    "thumb": "static/images/moment/more/3.jpg"
  }
]