[
  {
    "id": 1,
    "wide": 0,
    "url": "static/images/moment/1.jpg"
  },
  {
    "id": 2,
    "wide": 0,
    "url": "static/images/moment/2.png"
  },
  {
    "id": 3,
    "wide": 0,
    "url": "static/images/moment/3.jpg"
  },
  {
    "id": 4,
    "wide": 1,
    "url": "static/images/moment/4.jpg"
  },
  {
    "id": 5,
    "wide": 0,
    "url": "static/images/moment/5.jpg"
  },
  {
    "id": 6,
    "wide": 0,
    "url": "static/images/moment/6.png"
  },
  {
    "id": 7,
    "wide": 0,
    "url": "static/images/moment/7.jpg"
  }
]