[
  {
    "id": 1,
    "title": "这场人机大战没有输家，人类是最终赢家",
    "content": "人机大战第三场落下帷幕。水哥王昱珩与来自百度大脑的小度机器人在弱光动态人脸识别上一较高下，最终小度以 2:0 的比分赢得比赛，同时这也意味着小度在本季《最强大脑》的三局人机大战中，以两胜一平的成绩挺进脑王决赛。",
    "poster": "static/images/news/news-top-4.png",
    "link": "http://news.hiapk.com/internet/s5882cc629239.html",
    "active": true,
    "source": "安卓网"
  },
  {
    "id": 2,
    "title": "最强大脑4水哥失误小度晋级 百度叹服机器需向人类学习",
    "content": "比赛结束后，吴恩达表示，“非常感谢王昱珩，今天跟我们一起参加此次竞赛，尽管小度在人脸识别方面做得很棒，但今天仍有很多事情是王昱珩能做、人类能做的，而人工智能却做不到的，非常感谢你们让我们有机会继续向具有惊人大脑的王昱珩等人学习。”",
    "poster": "",
    "link": "http://news.ifeng.com/a/20170122/50613202_0.shtml",
    "active": false,
    "source": "凤凰网"
  },
  {
    "id": 3,
    "title": "“人机大战”小度赢人类选手 科学男神Dr.魏直言人类需反思如何与人工智能共存",
    "content": "记者带着网友们的疑问采访到《最强大脑》的“科学评审”魏坤琳教授本人，他直言：“机器赢了就是赢了，这是科技发展的必然结果。这一天迟早会到来，只是来的早和晚的区别。”",
    "poster": "",
    "link": "http://news.ifeng.com/a/20170111/50558394_0.shtml",
    "active": false,
    "source": "凤凰网"
  },
  {
    "id": 4,
    "title": "人机大战第三场落幕 水哥惜败小度进入脑王角逐",
    "content": "在节目播出同期，王昱珩也和科学判官Dr.魏、节目组科学家总顾问刘嘉教授一起坐镇微博“一直播”平台，解答网友和观众最关心的问题，如为什么会设置人机大战、缘何选择百度人工智能以及水哥为什么全输了、为何划掉正确答案等。",
    "poster": "",
    "link": "http://news.ynet.com/3.1/1701/21/12303566.html",
    "active": false,
    "source": "北青网"
  },
  {
    "id": 5,
    "title": "《最强大脑》水哥上演人机大战",
    "content": "江苏卫视的《最强大脑》舞台上呼声最高的“水哥”王昱珩将于今晚（20日）回归，并挑战“人机大战”比拼微观辨识能力。面对人类选手已一负一平、人工智能再下一局就将晋级总决赛的危急境况，他霸气放话：“我来了，就不会输！”",
    "poster": "",
    "link": "http://sd.china.com.cn/a/2017/xjoe_0120/850369.html",
    "active": false,
    "source": "中国网"
  },
  {
    "id": 6,
    "title": "人机大战小度晋级，水哥直播坦言“没有黑幕”",
    "content": "1月20日小年夜，江苏卫视《最强大脑》第四季人机大战迎来决胜局，由从未失算的“水哥”王昱珩，在图像识别方面与搭载百度大脑的小度机器人进行实力交锋。最终，“小度”以2：0的战绩战胜对手，并以3：1的总战绩，斩获2017年度脑王巅峰对决的晋级资格。",
    "poster": "",
    "link": "http://tech.huanqiu.com/it/2017-01/10000102.html",
    "active": false,
    "source": "环球网"
  }
]