[
  {
    "id": 1,
    "title": "人机大战“小度机器人”险胜最强大脑",
    "content": "第四季《最强大脑》节目中，搭载百度大脑的人工智能机器人“小度”，挑战最强大脑的名人堂选手。比赛经过两小时的鏖战，“小度”，凭借在人工智能和人脸识别领域的深厚积累，以3:2险胜人类最强大脑的代表王峰。",
    "poster": "static/images/news/news-top-3.png",
    "link": "http://news.ifeng.com/a/20170113/50571079_0.shtml?winzoom=1",
    "active": true,
    "source": "凤凰网"
  },
  {
    "id": 2,
    "title": "百度大脑1：1战平天音神童廷 人工智能和人类差距还有多大？",
    "content": "1月13日晚，《最强大脑》第四季“人机大战”进入三番赛的第二轮，搭载“百度大脑”的“小度”机器人与“听音神童”孙亦廷，双方1：1打成平手，被称为“鬼才之眼”的水哥（王昱珩）宣布再度出山，将在下周的第三轮比赛中与“小度”在图像识别方面一决高下。",
    "poster": "",
    "link": "http://share.iclient.ifeng.com/vampire/sharenews.f?fromType=vampire&forward=1&aid=7217224&winzoom=1",
    "active": false,
    "source": "凤凰网"
  },
  {
    "id": 3,
    "title": "从听片断到歌声寻人 人机大战第二场双方战平",
    "content": "共计三道题目的比赛中，第一道题人工智能“小度”和“最强耳朵”孙亦廷同时判断错误，且结果惊人的一致；第二位线人被小神童孙亦廷识别出，小度判断错误；第三道题孙亦廷判断错误，小度则力挽狂澜，成功识别出第三位线人，双方1：1打为平手。",
    "poster": "",
    "link": "http://tech.huanqiu.com/news/2017-01/9947343.html",
    "active": false,
    "source": "环球网"
  },
  {
    "id": 4,
    "title": "《最强大脑》第二轮“人机大战”王昱珩观战“辨音大战”",
    "content": "江苏卫视《最强大脑》开打第二轮“人机大战”——语音识别。人工智能“小度”的语音识别准确率达97%；而孙亦廷更是因为在第二季中听水球坠地破碎的声音成功判断其落下的高度被称“辨音神童”。",
    "poster": "",
    "link": "http://fj.people.com.cn/n2/2017/0115/c181466-29598899.html",
    "active": false,
    "source": "人民网"
  },
  {
    "id": 5,
    "title": "人机大战第二场 百度大脑接受水哥下轮挑战！",
    "content": "在今晚的《最强大脑》第二轮人机大战中，搭载着百度大脑的小度机器人和人类选手以 1:1 的比分打成平手。周董和水哥的相继亮相，以及比赛环节的扣人心弦，让这场人机大战成为了一场看点颇多的比赛。这次的题目到底难到了什么程度？",
    "poster": "",
    "link": "http://news.hiapk.com/internet/s58799e06386f.html",
    "active": false,
    "source": "安卓网"
  },
  {
    "id": 6,
    "title": "人工智能PK“最强大脑” 人脸识别有多难",
    "content": "继Master创造围棋连胜纪录后，“百度大脑”又在6日晚登陆 《最强大脑》节目，并在人脸识别上以3:2险胜“最强大脑”的代表王峰。人工智能pk成功意味着什么？未来人工智能还将“碾压”哪些领域？",
    "poster": "",
    "link": "http://ent.haiwainet.cn/n/2017/0107/c345677-30633407.html",
    "active": false,
    "source": "海外网"
  }
]