[
  {
    "id": 1,
    "title": "最强大脑人机大战提前点映 紧张程度吓坏媒体",
    "content": "百度公司和江苏卫视联合宣布，将在2017年1月6日首播的《最强大脑》第四季中，增加有百度大脑人工智能参与的“人机大战”比赛环节。",
    "poster": "static/images/news/news-top-2.png",
    "link": "http://news.ynet.com/3.1/1701/05/12233414.html?from=groupmessage&isappinstalled=0",
    "active": true,
    "source": "北青网"
  },
  {
    "id": 2,
    "title": "人工智能PK“最强大脑” 人脸识别有多难",
    "content": "继Master创造围棋连胜纪录后，“百度大脑”又在6日晚登陆 《最强大脑》节目，并在人脸识别上以3:2险胜“最强大脑”的代表王峰。人工智能pk成功意味着什么？未来人工智能还将“碾压”哪些领域？",
    "poster": "",
    "link": "http://ent.haiwainet.cn/n/2017/0107/c345677-30633407.html",
    "active": false,
    "source": "海外网"
  },
  {
    "id": 3,
    "title": "百度大脑对决最强大脑3：2险胜 人类选手输掉首局",
    "content": "茫茫人海，如何在一千人中找出当年的她？人工智能与人类在人脸识别上进行了一场精彩的PK。1月6日晚，江苏卫视播出的第四季《最强大脑》节目中迎来一位特殊选手，百度派出搭载百度大脑的人工智能机器人 “小度”，挑战最强大脑的名人堂选手。",
    "poster": "",
    "link": "http://finance.sina.com.cn/roll/2017-01-07/doc-ifxzkfuk2714368.shtml",
    "active": false,
    "source": "新浪财经"
  },
  {
    "id": 4,
    "title": "百度大脑对战人类最强大脑：3：2险胜！",
    "content": "江苏卫视《最强大脑》第四季震撼来袭，代表着中国人工智能最高水平的“百度大脑”现场挑战名人堂选手的“最强大脑”，在图像和语音识别等领域一决高下，上演一场“与未来相见”的巅峰对决。",
    "poster": "",
    "link": "http://smart.huanqiu.com/ai/2017-01/9916899.html",
    "active": false,
    "source": "环球网"
  },
  {
    "id": 5,
    "title": "“最强大脑”不敌机器人 数亿“习题”炼出超级智能",
    "content": "人类脑力的佼佼者和人工智能进行PK，究竟孰强孰弱？《最强大脑》上演了中国电视综艺史上首次“人机大战”——世界记忆大师王峰和搭载百度大脑的智能机器人“小度”展开人脸识别大战。",
    "poster": "",
    "link": "http://media.people.com.cn/n1/2017/0107/c40606-29005391.html",
    "active": false,
    "source": "人民网"
  },
  {
    "id": 6,
    "title": "最强大脑人机大战第一场落幕 百度高管解读背后故事",
    "content": "在1月5日百度举办的人机大战提前观赛会上，百度深度学习实验室主任林元庆第一时间披露了人脸识别背后的技术难点，以及百度本次赴战背后的故事。",
    "poster": "",
    "link": "http://it.gmw.cn/2017-01/07/content_23424106.htm",
    "active": false,
    "source": "光明网"
  }
]