[
  {
    "id": 1,
    "title": "最强大脑人机大战第二期《不能说的秘密》",
    "iqiyi": "http://open.iqiyi.com/developer/player_js/coopPlayerIndex.html?vid=70a792b277fccf0325fa8057c3658532&tvId=602098900&accessToken=2.f22860a2479ad60d8da7697274de9346&appKey=3955c3425820435e86d0f4cdfe56f5e7&appId=1368&autoplay=0&height=100%&width=100%",
    "shortcut": "static/images/video/poster-4.jpg",
    "active": true
  },
  {
    "id": 2,
    "title": "一条来自AI界的新闻联播：小度训练全过程曝光！",
    "iqiyi": "http://open.iqiyi.com/developer/player_js/coopPlayerIndex.html?vid=31775babb5bb5b56fc4cedeb020c7585&tvId=602099300&accessToken=2.f22860a2479ad60d8da7697274de9346&appKey=3955c3425820435e86d0f4cdfe56f5e7&appId=1368&autoplay=0&height=100%&width=100%",
    "shortcut": "static/images/video/poster-5.jpg",
    "active": true
  },
  {
    "id": 1,
    "title": "《最强大脑》第一期人机大战无删减版",
    "iqiyi": "http://open.iqiyi.com/developer/player_js/coopPlayerIndex.html?vid=c0587079804e5073cf53744ae95aaf79&tvId=597346000&accessToken=2.f22860a2479ad60d8da7697274de9346&appKey=3955c3425820435e86d0f4cdfe56f5e7&appId=1368&autoplay=0&height=100%&width=100%",
    "shortcut": "static/images/video/poster-1.jpg",
    "active": false
  },
  {
    "id": 2,
    "title": "探访人机大战背后百度人工智能“神秘Master”",
    "iqiyi": "http://open.iqiyi.com/developer/player_js/coopPlayerIndex.html?vid=fe507c8dfa6555d4fe6bca2ef61b707e&tvId=597343600&accessToken=2.f22860a2479ad60d8da7697274de9346&appKey=3955c3425820435e86d0f4cdfe56f5e7&appId=1368&autoplay=0&height=100%&width=100%",
    "shortcut": "static/images/video/poster-2.jpg",
    "active": false
  },
  {
    "id": 3,
    "title": "李彦宏携百度大脑出战《最强大脑》",
    "iqiyi": "http://open.iqiyi.com/developer/player_js/coopPlayerIndex.html?vid=0777e816a07b1de305aaf93aca336239&tvId=589689900&accessToken=2.f22860a2479ad60d8da7697274de9346&appKey=3955c3425820435e86d0f4cdfe56f5e7&appId=1368&autoplay=0&height=100%&width=100%",
    "shortcut": "static/images/video/poster-3.jpg",
    "active": false
  }
]