[
  {
    "id": 1,
    "title": "人机大战再升级，百度大脑要参加《最强大脑》和人类正面对决",
    "content": "百度公司和江苏卫视联合宣布，将在2017年1月6日首播的《最强大脑》第四季中，增加有百度大脑人工智能参与的“人机大战”比赛环节。",
    "poster": "/static/images/news-top.png",
    "link": "http://tech.huanqiu.com/news/2016-12/9828799.html",
    "active": true,
    "source": "环球网"
  },
  {
    "id": 2,
    "title": "百度掀“人机大战”背后：人工智能提速，应构建研发应用闭环",
    "content": "最强大脑第四季人机大战百度将派出机器人“小度”代表百度大脑参赛，与《最强大脑》的顶级选手在图象识别和声音识别等方面展开对决。",
    "poster": "",
    "link": "http://finance.sina.com.cn/roll/2016-12-18/doc-ifxytkcf7999032.shtml",
    "active": false,
    "source": "新浪财经"
  },
  {
    "id": 3,
    "title": "《最强大脑4》南京启动中国版“人机对战”引期待",
    "content": "江苏卫视科学真人秀《最强大脑》第四季日前在南京举办开播发布会，小度机器人首次亮相。",
    "poster": "",
    "link": "http://tj.people.com.cn/n2/2016/1219/c375366-29482438.html",
    "active": false,
    "source": "人民网"
  },
  {
    "id": 4,
    "title": "百度出战最强大脑，最强AI挑战最强人类智能",
    "content": "最强大脑第四季将有百度大脑参与的人机大战环节，有评论称“史上最强人机大战”。",
    "poster": "/static/images/gallery/400x175.png",
    "link": "http://news.ynet.com/3.1/1612/17/12147281.html",
    "active": false,
    "source": "北青网"
  },
  {
    "id": 5,
    "title": "《最强大脑4》人工智能“小度”曝光",
    "content": "最强大脑第四季即将开播，人工智能对战人类大脑成最大亮点。",
    "poster": "",
    "link": "http://ent.ifeng.com/a/20161219/42786958_0.shtml",
    "active": false,
    "source": "凤凰网"
  },
  {
    "id": 6,
    "title": "百度携小度出战最强大脑，人工智能对战人类智慧",
    "content": "最强大脑第四季人机大战，百度深度学习研究院主任林元表示，这是一场“中国人工智能和最强大脑们”的顶尖对决。",
    "poster": "",
    "link": "http://it.gmw.cn/2016-12/17/content_23283571.htm",
    "active": false,
    "source": "光明网"
  }
]