[
  {
    "id": 1,
    "title": "李彦宏携百度大脑出战《最强大脑》",
    "iqiyi": "http://open.iqiyi.com/developer/player_js/coopPlayerIndex.html?vid=9aac84b431ce45eede2ea43e18e44d0d&tvId=7030542109&accessToken=2.f22860a2479ad60d8da7697274de9346&appKey=3955c3425820435e86d0f4cdfe56f5e7&appId=1368&height=100%&width=100%",
    "shortcut": "/static/images/video/poster-1.jpg",
    "active": true
  },
  {
    "id": 2,
    "title": "百度大脑pk最强大脑，新一轮人机大战即将开启",
    "iqiyi": "http://open.iqiyi.com/developer/player_js/coopPlayerIndex.html?vid=2faadeb17eb371df724a7184994fc0a9&tvId=7097553709&accessToken=2.f22860a2479ad60d8da7697274de9346&appKey=3955c3425820435e86d0f4cdfe56f5e7&appId=1368&height=100%&width=100%",
    "shortcut": "/static/images/video/poster-2.jpg",
    "active": false
  }
]